[{"model": "admin.logentry", "pk": 1, "fields": {"action_time": "2024-08-12T06:55:03.715Z", "user": 1, "content_type": 4, "object_id": "2", "object_repr": "Victor", "action_flag": 1, "change_message": "[{\"added\": {}}]"}}, {"model": "admin.logentry", "pk": 2, "fields": {"action_time": "2024-08-12T06:55:20.337Z", "user": 1, "content_type": 4, "object_id": "3", "object_repr": "Joy", "action_flag": 1, "change_message": "[{\"added\": {}}]"}}, {"model": "admin.logentry", "pk": 3, "fields": {"action_time": "2024-08-12T06:55:39.004Z", "user": 1, "content_type": 4, "object_id": "4", "object_repr": "Maureen", "action_flag": 1, "change_message": "[{\"added\": {}}]"}}, {"model": "admin.logentry", "pk": 4, "fields": {"action_time": "2024-08-12T06:55:54.667Z", "user": 1, "content_type": 4, "object_id": "5", "object_repr": "Okello", "action_flag": 1, "change_message": "[{\"added\": {}}]"}}, {"model": "admin.logentry", "pk": 5, "fields": {"action_time": "2024-08-12T06:56:07.328Z", "user": 1, "content_type": 7, "object_id": "95361300-1d2d-4900-b05f-1ad00a71f408", "object_repr": "Okello", "action_flag": 1, "change_message": "[{\"added\": {}}]"}}, {"model": "admin.logentry", "pk": 6, "fields": {"action_time": "2024-08-12T06:56:27.087Z", "user": 1, "content_type": 7, "object_id": "e8ab52dc-433e-4342-b375-f81840650db0", "object_repr": "Joy", "action_flag": 1, "change_message": "[{\"added\": {}}]"}}, {"model": "admin.logentry", "pk": 7, "fields": {"action_time": "2024-08-12T06:56:38.599Z", "user": 1, "content_type": 7, "object_id": "5d193106-3ce4-4e9f-8237-4d80ca4f6206", "object_repr": "Maureen", "action_flag": 1, "change_message": "[{\"added\": {}}]"}}, {"model": "admin.logentry", "pk": 8, "fields": {"action_time": "2024-08-12T06:56:54.147Z", "user": 1, "content_type": 7, "object_id": "ac075690-ca56-4ef8-838d-eec92bab39bb", "object_repr": "Victor", "action_flag": 1, "change_message": "[{\"added\": {}}]"}}, {"model": "admin.logentry", "pk": 9, "fields": {"action_time": "2024-08-12T06:57:15.795Z", "user": 1, "content_type": 7, "object_id": "ab5c5ef1-f3d2-4925-a832-ca590ac73cf0", "object_repr": "murimi@spay", "action_flag": 1, "change_message": "[{\"added\": {}}]"}}, {"model": "admin.logentry", "pk": 10, "fields": {"action_time": "2024-08-12T06:57:40.359Z", "user": 1, "content_type": 8, "object_id": "1", "object_repr": "AttendanceRecord object (1)", "action_flag": 1, "change_message": "[{\"added\": {}}]"}}, {"model": "admin.logentry", "pk": 11, "fields": {"action_time": "2024-08-12T06:57:53.444Z", "user": 1, "content_type": 8, "object_id": "2", "object_repr": "AttendanceRecord object (2)", "action_flag": 1, "change_message": "[{\"added\": {}}]"}}, {"model": "admin.logentry", "pk": 12, "fields": {"action_time": "2024-08-12T06:58:04.953Z", "user": 1, "content_type": 8, "object_id": "3", "object_repr": "AttendanceRecord object (3)", "action_flag": 1, "change_message": "[{\"added\": {}}]"}}, {"model": "admin.logentry", "pk": 13, "fields": {"action_time": "2024-08-12T07:21:04.451Z", "user": 1, "content_type": 8, "object_id": "4", "object_repr": "AttendanceRecord object (4)", "action_flag": 1, "change_message": "[{\"added\": {}}]"}}, {"model": "admin.logentry", "pk": 14, "fields": {"action_time": "2024-08-12T07:21:38.731Z", "user": 1, "content_type": 10, "object_id": "1", "object_repr": "NANE NANE MARCH - 2024-08-13", "action_flag": 1, "change_message": "[{\"added\": {}}]"}}, {"model": "admin.logentry", "pk": 15, "fields": {"action_time": "2024-08-12T07:21:59.605Z", "user": 1, "content_type": 10, "object_id": "2", "object_repr": "NANE NANE MARCH 2 - 2024-08-15", "action_flag": 1, "change_message": "[{\"added\": {}}]"}}, {"model": "admin.logentry", "pk": 16, "fields": {"action_time": "2024-08-12T07:22:39.216Z", "user": 1, "content_type": 9, "object_id": "1", "object_repr": "Maureen - Personal (2024-08-12 to 2024-08-16)", "action_flag": 1, "change_message": "[{\"added\": {}}]"}}, {"model": "admin.logentry", "pk": 17, "fields": {"action_time": "2024-08-12T07:24:28.734Z", "user": 1, "content_type": 4, "object_id": "3", "object_repr": "Joy", "action_flag": 2, "change_message": "[{\"changed\": {\"fields\": [\"First name\", \"Last name\", \"Email address\", \"Staff status\", \"User permissions\", \"Last login\", \"Date joined\"]}}]"}}, {"model": "admin.logentry", "pk": 18, "fields": {"action_time": "2024-08-12T07:25:25.362Z", "user": 1, "content_type": 4, "object_id": "4", "object_repr": "Maureen", "action_flag": 2, "change_message": "[{\"changed\": {\"fields\": [\"First name\", \"Last name\", \"Email address\", \"Staff status\", \"User permissions\", \"Last login\", \"Date joined\"]}}]"}}, {"model": "admin.logentry", "pk": 19, "fields": {"action_time": "2024-08-12T07:25:56.488Z", "user": 1, "content_type": 4, "object_id": "5", "object_repr": "Okello", "action_flag": 2, "change_message": "[{\"changed\": {\"fields\": [\"First name\", \"Last name\", \"Email address\", \"Staff status\", \"User permissions\", \"Last login\", \"Date joined\"]}}]"}}, {"model": "admin.logentry", "pk": 20, "fields": {"action_time": "2024-08-12T07:26:22.684Z", "user": 1, "content_type": 4, "object_id": "2", "object_repr": "Victor", "action_flag": 2, "change_message": "[{\"changed\": {\"fields\": [\"First name\", \"Last name\", \"Email address\", \"Staff status\", \"User permissions\", \"Last login\", \"Date joined\"]}}]"}}, {"model": "admin.logentry", "pk": 21, "fields": {"action_time": "2024-08-12T11:12:25.095Z", "user": 1, "content_type": 11, "object_id": "1", "object_repr": "Maureen - Personal (2024-08-12 to 2024-08-16)", "action_flag": 1, "change_message": "[{\"added\": {}}]"}}, {"model": "admin.logentry", "pk": 22, "fields": {"action_time": "2024-08-12T11:13:11.257Z", "user": 1, "content_type": 11, "object_id": "2", "object_repr": "Joy - Vacation (2024-08-12 to 2024-08-15)", "action_flag": 1, "change_message": "[{\"added\": {}}]"}}, {"model": "admin.logentry", "pk": 23, "fields": {"action_time": "2024-08-12T13:27:13.189Z", "user": 1, "content_type": 3, "object_id": "1", "object_repr": "View Group", "action_flag": 1, "change_message": "[{\"added\": {}}]"}}, {"model": "admin.logentry", "pk": 24, "fields": {"action_time": "2024-08-12T13:27:54.795Z", "user": 1, "content_type": 3, "object_id": "2", "object_repr": "Delete Group", "action_flag": 1, "change_message": "[{\"added\": {}}]"}}, {"model": "admin.logentry", "pk": 25, "fields": {"action_time": "2024-08-13T11:07:26.665Z", "user": 1, "content_type": 7, "object_id": "e8ab52dc-433e-4342-b375-f81840650db0", "object_repr": "Joy", "action_flag": 2, "change_message": "[{\"changed\": {\"fields\": [\"Email\"]}}]"}}, {"model": "admin.logentry", "pk": 26, "fields": {"action_time": "2024-08-13T11:09:22.757Z", "user": 1, "content_type": 11, "object_id": "3", "object_repr": "murimi@spay - Personal (2024-08-13 to 2024-08-13)", "action_flag": 1, "change_message": "[{\"added\": {}}]"}}, {"model": "admin.logentry", "pk": 27, "fields": {"action_time": "2024-08-19T04:57:27.982Z", "user": 1, "content_type": 8, "object_id": "9", "object_repr": "AttendanceRecord object (9)", "action_flag": 1, "change_message": "[{\"added\": {}}]"}}, {"model": "admin.logentry", "pk": 28, "fields": {"action_time": "2024-08-19T04:57:55.833Z", "user": 1, "content_type": 8, "object_id": "10", "object_repr": "AttendanceRecord object (10)", "action_flag": 1, "change_message": "[{\"added\": {}}]"}}, {"model": "admin.logentry", "pk": 29, "fields": {"action_time": "2024-08-19T05:28:03.967Z", "user": 1, "content_type": 8, "object_id": "11", "object_repr": "AttendanceRecord object (11)", "action_flag": 1, "change_message": "[{\"added\": {}}]"}}, {"model": "admin.logentry", "pk": 30, "fields": {"action_time": "2024-08-19T05:28:44.581Z", "user": 1, "content_type": 8, "object_id": "12", "object_repr": "AttendanceRecord object (12)", "action_flag": 1, "change_message": "[{\"added\": {}}]"}}, {"model": "admin.logentry", "pk": 31, "fields": {"action_time": "2024-08-19T05:37:55.335Z", "user": 1, "content_type": 8, "object_id": "13", "object_repr": "AttendanceRecord object (13)", "action_flag": 1, "change_message": "[{\"added\": {}}]"}}, {"model": "admin.logentry", "pk": 32, "fields": {"action_time": "2024-08-19T06:06:27.533Z", "user": 1, "content_type": 8, "object_id": "14", "object_repr": "AttendanceRecord object (14)", "action_flag": 1, "change_message": "[{\"added\": {}}]"}}, {"model": "admin.logentry", "pk": 33, "fields": {"action_time": "2024-08-19T06:06:43.977Z", "user": 1, "content_type": 8, "object_id": "13", "object_repr": "AttendanceRecord object (13)", "action_flag": 2, "change_message": "[{\"changed\": {\"fields\": [\"Is absent\"]}}]"}}, {"model": "admin.logentry", "pk": 34, "fields": {"action_time": "2024-08-19T06:06:51.504Z", "user": 1, "content_type": 8, "object_id": "12", "object_repr": "AttendanceRecord object (12)", "action_flag": 2, "change_message": "[{\"changed\": {\"fields\": [\"Is absent\"]}}]"}}, {"model": "admin.logentry", "pk": 35, "fields": {"action_time": "2024-08-19T06:07:00.368Z", "user": 1, "content_type": 8, "object_id": "11", "object_repr": "AttendanceRecord object (11)", "action_flag": 2, "change_message": "[{\"changed\": {\"fields\": [\"Is absent\"]}}]"}}, {"model": "admin.logentry", "pk": 36, "fields": {"action_time": "2024-08-19T06:31:02.236Z", "user": 1, "content_type": 11, "object_id": "7", "object_repr": "murimi@spay - Personal (2024-08-19 to 2024-08-21)", "action_flag": 1, "change_message": "[{\"added\": {}}]"}}, {"model": "auth.permission", "pk": 1, "fields": {"name": "Can add log entry", "content_type": 1, "codename": "add_logentry"}}, {"model": "auth.permission", "pk": 2, "fields": {"name": "Can change log entry", "content_type": 1, "codename": "change_logentry"}}, {"model": "auth.permission", "pk": 3, "fields": {"name": "Can delete log entry", "content_type": 1, "codename": "delete_logentry"}}, {"model": "auth.permission", "pk": 4, "fields": {"name": "Can view log entry", "content_type": 1, "codename": "view_logentry"}}, {"model": "auth.permission", "pk": 5, "fields": {"name": "Can add permission", "content_type": 2, "codename": "add_permission"}}, {"model": "auth.permission", "pk": 6, "fields": {"name": "Can change permission", "content_type": 2, "codename": "change_permission"}}, {"model": "auth.permission", "pk": 7, "fields": {"name": "Can delete permission", "content_type": 2, "codename": "delete_permission"}}, {"model": "auth.permission", "pk": 8, "fields": {"name": "Can view permission", "content_type": 2, "codename": "view_permission"}}, {"model": "auth.permission", "pk": 9, "fields": {"name": "Can add group", "content_type": 3, "codename": "add_group"}}, {"model": "auth.permission", "pk": 10, "fields": {"name": "Can change group", "content_type": 3, "codename": "change_group"}}, {"model": "auth.permission", "pk": 11, "fields": {"name": "Can delete group", "content_type": 3, "codename": "delete_group"}}, {"model": "auth.permission", "pk": 12, "fields": {"name": "Can view group", "content_type": 3, "codename": "view_group"}}, {"model": "auth.permission", "pk": 13, "fields": {"name": "Can add user", "content_type": 4, "codename": "add_user"}}, {"model": "auth.permission", "pk": 14, "fields": {"name": "Can change user", "content_type": 4, "codename": "change_user"}}, {"model": "auth.permission", "pk": 15, "fields": {"name": "Can delete user", "content_type": 4, "codename": "delete_user"}}, {"model": "auth.permission", "pk": 16, "fields": {"name": "Can view user", "content_type": 4, "codename": "view_user"}}, {"model": "auth.permission", "pk": 17, "fields": {"name": "Can add content type", "content_type": 5, "codename": "add_contenttype"}}, {"model": "auth.permission", "pk": 18, "fields": {"name": "Can change content type", "content_type": 5, "codename": "change_contenttype"}}, {"model": "auth.permission", "pk": 19, "fields": {"name": "Can delete content type", "content_type": 5, "codename": "delete_contenttype"}}, {"model": "auth.permission", "pk": 20, "fields": {"name": "Can view content type", "content_type": 5, "codename": "view_contenttype"}}, {"model": "auth.permission", "pk": 21, "fields": {"name": "Can add session", "content_type": 6, "codename": "add_session"}}, {"model": "auth.permission", "pk": 22, "fields": {"name": "Can change session", "content_type": 6, "codename": "change_session"}}, {"model": "auth.permission", "pk": 23, "fields": {"name": "Can delete session", "content_type": 6, "codename": "delete_session"}}, {"model": "auth.permission", "pk": 24, "fields": {"name": "Can view session", "content_type": 6, "codename": "view_session"}}, {"model": "auth.permission", "pk": 25, "fields": {"name": "Can add employee", "content_type": 7, "codename": "add_employee"}}, {"model": "auth.permission", "pk": 26, "fields": {"name": "Can change employee", "content_type": 7, "codename": "change_employee"}}, {"model": "auth.permission", "pk": 27, "fields": {"name": "Can delete employee", "content_type": 7, "codename": "delete_employee"}}, {"model": "auth.permission", "pk": 28, "fields": {"name": "Can view employee", "content_type": 7, "codename": "view_employee"}}, {"model": "auth.permission", "pk": 29, "fields": {"name": "Can add attendance record", "content_type": 8, "codename": "add_attendancerecord"}}, {"model": "auth.permission", "pk": 30, "fields": {"name": "Can change attendance record", "content_type": 8, "codename": "change_attendancerecord"}}, {"model": "auth.permission", "pk": 31, "fields": {"name": "Can delete attendance record", "content_type": 8, "codename": "delete_attendancerecord"}}, {"model": "auth.permission", "pk": 32, "fields": {"name": "Can view attendance record", "content_type": 8, "codename": "view_attendancerecord"}}, {"model": "auth.permission", "pk": 33, "fields": {"name": "Can add leave request", "content_type": 9, "codename": "add_leaverequest"}}, {"model": "auth.permission", "pk": 34, "fields": {"name": "Can change leave request", "content_type": 9, "codename": "change_leaverequest"}}, {"model": "auth.permission", "pk": 35, "fields": {"name": "Can delete leave request", "content_type": 9, "codename": "delete_leaverequest"}}, {"model": "auth.permission", "pk": 36, "fields": {"name": "Can view leave request", "content_type": 9, "codename": "view_leaverequest"}}, {"model": "auth.permission", "pk": 37, "fields": {"name": "Can add holiday", "content_type": 10, "codename": "add_holiday"}}, {"model": "auth.permission", "pk": 38, "fields": {"name": "Can change holiday", "content_type": 10, "codename": "change_holiday"}}, {"model": "auth.permission", "pk": 39, "fields": {"name": "Can delete holiday", "content_type": 10, "codename": "delete_holiday"}}, {"model": "auth.permission", "pk": 40, "fields": {"name": "Can view holiday", "content_type": 10, "codename": "view_holiday"}}, {"model": "auth.permission", "pk": 41, "fields": {"name": "Can add leave request", "content_type": 11, "codename": "add_leaverequest"}}, {"model": "auth.permission", "pk": 42, "fields": {"name": "Can change leave request", "content_type": 11, "codename": "change_leaverequest"}}, {"model": "auth.permission", "pk": 43, "fields": {"name": "Can delete leave request", "content_type": 11, "codename": "delete_leaverequest"}}, {"model": "auth.permission", "pk": 44, "fields": {"name": "Can view leave request", "content_type": 11, "codename": "view_leaverequest"}}, {"model": "auth.group", "pk": 1, "fields": {"name": "View Group", "permissions": [4, 32, 40, 36, 12, 8, 16, 20, 28, 44, 24]}}, {"model": "auth.group", "pk": 2, "fields": {"name": "Delete Group", "permissions": [3, 31, 39, 35, 11, 7, 15, 19, 27, 43, 23]}}, {"model": "auth.user", "pk": 1, "fields": {"password": "pbkdf2_sha256$720000$1vQx5rb2SmmrHIUqr9rmo4$emU6eg8PLJlYZCJJo+1Ri3UccYBl6DGAWsiSSWlEV5w=", "last_login": "2024-08-19T04:56:51.644Z", "is_superuser": true, "username": "murimi@spay", "first_name": "", "last_name": "", "email": "murimitech10@gmail.com", "is_staff": true, "is_active": true, "date_joined": "2024-08-12T06:53:53.102Z", "groups": [], "user_permissions": []}}, {"model": "auth.user", "pk": 2, "fields": {"password": "pbkdf2_sha256$720000$oxqMNbiEjCZuB5iZ06YpLi$x7UWHGbOZvv3nHz2I8TnK+z+Cdaj7dorn/5W4Z4oNTY=", "last_login": "2024-08-12T07:26:18Z", "is_superuser": false, "username": "Victor", "first_name": "Victor", "last_name": "sasapay", "email": "victor@sasapay.co.ke", "is_staff": true, "is_active": true, "date_joined": "2024-08-05T06:55:02Z", "groups": [], "user_permissions": [1, 2, 3, 4, 29, 30, 31, 32, 37, 38, 39, 40, 33, 34, 35, 36, 9, 10, 11, 12, 5, 6, 7, 8, 13, 14, 15, 16, 17, 18, 19, 20, 25, 26, 27, 28, 21, 22, 23, 24]}}, {"model": "auth.user", "pk": 3, "fields": {"password": "pbkdf2_sha256$720000$44U3KR38eEtxPmp6Hul5xh$EoKEQggwNBZ5icUqvRQG+BUDip0GU53GE5SQQ/h3RRQ=", "last_login": "2024-08-12T07:24:08Z", "is_superuser": false, "username": "Joy", "first_name": "Joy", "last_name": "sasapay", "email": "joy@sasapay.co.ke", "is_staff": true, "is_active": true, "date_joined": "2024-08-04T21:00:00Z", "groups": [], "user_permissions": [4, 32, 40, 36, 12, 8, 16, 20, 28, 24]}}, {"model": "auth.user", "pk": 4, "fields": {"password": "pbkdf2_sha256$720000$IM3mEtP3n9abAoe9U2Rov1$gU3gHI9g4fk6lMNxCfTlm+0MEkfr3wO1aN+U/X9Kjjw=", "last_login": "2024-08-12T07:25:17Z", "is_superuser": false, "username": "Maureen", "first_name": "Maureen", "last_name": "sasapay", "email": "maureen@sasapay.co.ke", "is_staff": true, "is_active": true, "date_joined": "2024-08-04T21:00:00Z", "groups": [], "user_permissions": [4, 32, 40, 36, 12, 8, 16, 20, 28, 24]}}, {"model": "auth.user", "pk": 5, "fields": {"password": "pbkdf2_sha256$720000$qJRDd60FGw8WlZnimgCKSx$RM71midoKSlnxshJwybuoByHGXqLTsDMLW4Wz+aRmJ8=", "last_login": "2024-08-12T07:25:17Z", "is_superuser": false, "username": "Okello", "first_name": "Okello", "last_name": "sasapay", "email": "okello@sasapay.co.ke", "is_staff": true, "is_active": true, "date_joined": "2024-08-05T06:55:53Z", "groups": [], "user_permissions": [1, 2, 3, 4, 29, 30, 31, 32, 37, 38, 39, 40, 33, 34, 35, 36, 9, 10, 11, 12, 5, 6, 7, 8, 13, 14, 15, 16, 17, 18, 19, 20, 25, 26, 27, 28, 21, 22, 23, 24]}}, {"model": "auth.user", "pk": 6, "fields": {"password": "pbkdf2_sha256$720000$WX2016Aj04TVTLHoUbZHsk$cjLDO5+SWk2dHbFcS5GCG3bCDsHPi13e1i6AvoXeZtQ=", "last_login": null, "is_superuser": false, "username": "MARYANN", "first_name": "", "last_name": "", "email": "", "is_staff": false, "is_active": true, "date_joined": "2024-08-13T12:18:38.929Z", "groups": [], "user_permissions": []}}, {"model": "auth.user", "pk": 7, "fields": {"password": "pbkdf2_sha256$720000$MNJJhukHZU6S7aBIehhFLZ$h250GRKlEhDQCzkXrC7VM65akbbFmFDlskYrREXrPQ0=", "last_login": null, "is_superuser": false, "username": "marywann", "first_name": "", "last_name": "", "email": "", "is_staff": false, "is_active": true, "date_joined": "2024-08-13T12:19:05.706Z", "groups": [], "user_permissions": []}}, {"model": "auth.user", "pk": 8, "fields": {"password": "securepassword123", "last_login": null, "is_superuser": false, "username": "janesmith", "first_name": "", "last_name": "", "email": "", "is_staff": false, "is_active": true, "date_joined": "2024-08-13T12:37:21.340Z", "groups": [], "user_permissions": []}}, {"model": "auth.user", "pk": 9, "fields": {"password": "pbkdf2_sha256$870000$uy5cu3a1tFXC8sFuP7txHl$Dmsx3kryOafo/pM7WaKw6n7sjPC6xLaAqiGSBeghPTI=", "last_login": "2024-08-20T12:51:10.656Z", "is_superuser": true, "username": "murimitech10", "first_name": "", "last_name": "", "email": "murimitech10@gmail.com", "is_staff": true, "is_active": true, "date_joined": "2024-08-20T12:50:37.260Z", "groups": [], "user_permissions": []}}, {"model": "contenttypes.contenttype", "pk": 1, "fields": {"app_label": "admin", "model": "logentry"}}, {"model": "contenttypes.contenttype", "pk": 2, "fields": {"app_label": "auth", "model": "permission"}}, {"model": "contenttypes.contenttype", "pk": 3, "fields": {"app_label": "auth", "model": "group"}}, {"model": "contenttypes.contenttype", "pk": 4, "fields": {"app_label": "auth", "model": "user"}}, {"model": "contenttypes.contenttype", "pk": 5, "fields": {"app_label": "contenttypes", "model": "contenttype"}}, {"model": "contenttypes.contenttype", "pk": 6, "fields": {"app_label": "sessions", "model": "session"}}, {"model": "contenttypes.contenttype", "pk": 7, "fields": {"app_label": "employees", "model": "employee"}}, {"model": "contenttypes.contenttype", "pk": 8, "fields": {"app_label": "attendance", "model": "attendancerecord"}}, {"model": "contenttypes.contenttype", "pk": 9, "fields": {"app_label": "attendance", "model": "leaverequest"}}, {"model": "contenttypes.contenttype", "pk": 10, "fields": {"app_label": "attendance", "model": "holiday"}}, {"model": "contenttypes.contenttype", "pk": 11, "fields": {"app_label": "leave", "model": "leaverequest"}}, {"model": "sessions.session", "pk": "drnqekr4fvql6ydgr74knzsbu44a2ex0", "fields": {"session_data": ".eJxVjDsOwjAQBe_iGln-B1PScwZr17vGAeRIcVIh7k4ipYD2zcx7iwTrUtPaeU4jiYuI4vS7IeQntx3QA9p9knlqyzyi3BV50C5vE_Hrerh_BxV63eqgCVhlx6AMmzJYcMgWyTnKxXtrmTR7yhEwmHKOQ7E-YFZFQwhbIz5fFUk44w:1sgOKN:C4UNgM-vA4B6E9TKpDFQVgpTwDQGKhjIyyB94dR-UzQ", "expire_date": "2024-09-03T12:51:11.261Z"}}, {"model": "sessions.session", "pk": "o216tptzuv73xjxpc8behi7o08vl5eh9", "fields": {"session_data": ".eJxVjMsOwiAQRf-FtSG8EZfu_QbCMINUDSSlXRn_3TbpQrf3nHPfLKZ1qXEdNMcJ2YVJdvrdIOUntR3gI7V757m3ZZ6A7wo_6OC3jvS6Hu7fQU2jbnWwqHVWtkCAnDwVEbREK7PTAUQyFjMWAkubcHZBkfEGlXDFSxMIgX2-_ng4og:1sdofl:xzGZmLV0ETdfc1-IToSNHSAJekzb4YrDbcNSYtcE9_I", "expire_date": "2024-08-27T10:22:37.867Z"}}, {"model": "sessions.session", "pk": "si5m6frdpoir0a1biuy1omn6cowmeb0i", "fields": {"session_data": ".eJxVjMsOwiAQRf-FtSG8EZfu_QbCMINUDSSlXRn_3TbpQrf3nHPfLKZ1qXEdNMcJ2YVJdvrdIOUntR3gI7V757m3ZZ6A7wo_6OC3jvS6Hu7fQU2jbnWwqHVWtkCAnDwVEbREK7PTAUQyFjMWAkubcHZBkfEGlXDFSxMIgX2-_ng4og:1sfuRn:MWx2cJDQoDaFLpHNSPVqBhGF48TytBDn0nUsN98mKds", "expire_date": "2024-09-02T04:56:51.797Z"}}, {"model": "employees.employee", "pk": "0295d1a9-2e16-4163-bf50-75d7ddb6de14", "fields": {"user": 8, "department": "Finance", "name": "Jane Smith", "email": "jane.smith@sasapay.co.ke", "phone": "0710105678"}}, {"model": "employees.employee", "pk": "5d193106-3ce4-4e9f-8237-4d80ca4f6206", "fields": {"user": 4, "department": "Marketing Department", "name": "Maureen", "email": "maureen@sasapay.co.ke", "phone": "0745678912"}}, {"model": "employees.employee", "pk": "95361300-1d2d-4900-b05f-1ad00a71f408", "fields": {"user": 5, "department": "IT and Marketing Department", "name": "Okello", "email": "okello@sasapay.co.ke", "phone": "0700000000"}}, {"model": "employees.employee", "pk": "ab5c5ef1-f3d2-4925-a832-ca590ac73cf0", "fields": {"user": 1, "department": "IT Department", "name": "Murimi", "email": "murimi@sasapay.co.ke", "phone": "0734567891"}}, {"model": "employees.employee", "pk": "ac075690-ca56-4ef8-838d-eec92bab39bb", "fields": {"user": 2, "department": "IT Department", "name": "Victor", "email": "victor@sasapay.co.ke", "phone": "0712345678"}}, {"model": "employees.employee", "pk": "e8ab52dc-433e-4342-b375-f81840650db0", "fields": {"user": 3, "department": "IT Department and also Team HR", "name": "Joy", "email": "nimmohjoy@sasapay.co.ke", "phone": "0723456789"}}, {"model": "leave.leaverequest", "pk": 1, "fields": {"employee": "5d193106-3ce4-4e9f-8237-4d80ca4f6206", "start_date": "2024-08-12", "end_date": "2024-08-16", "leave_type": "Personal", "status": "Approved", "reason": "Private and confidential information\r\n\r\nCommunicated with the citizens"}}, {"model": "leave.leaverequest", "pk": 2, "fields": {"employee": "e8ab52dc-433e-4342-b375-f81840650db0", "start_date": "2024-08-12", "end_date": "2024-08-15", "leave_type": "Vacation", "status": "Approved", "reason": "Masaa ni Vacation kule Diani."}}, {"model": "leave.leaverequest", "pk": 3, "fields": {"employee": "ab5c5ef1-f3d2-4925-a832-ca590ac73cf0", "start_date": "2024-08-13", "end_date": "2024-08-13", "leave_type": "Personal", "status": "Approved", "reason": "Working from home due to financial problems"}}, {"model": "leave.leaverequest", "pk": 4, "fields": {"employee": "95361300-1d2d-4900-b05f-1ad00a71f408", "start_date": "2024-09-20", "end_date": "2024-09-25", "leave_type": "Sick", "status": "Pending", "reason": "Family vacation"}}, {"model": "leave.leaverequest", "pk": 5, "fields": {"employee": "95361300-1d2d-4900-b05f-1ad00a71f408", "start_date": "2024-09-20", "end_date": "2024-09-25", "leave_type": "Sick", "status": "Pending", "reason": "Family vacation"}}, {"model": "leave.leaverequest", "pk": 6, "fields": {"employee": "e8ab52dc-433e-4342-b375-f81840650db0", "start_date": "2024-09-20", "end_date": "2024-09-25", "leave_type": "Vacation", "status": "Pending", "reason": "Family vacation"}}, {"model": "leave.leaverequest", "pk": 7, "fields": {"employee": "ab5c5ef1-f3d2-4925-a832-ca590ac73cf0", "start_date": "2024-08-19", "end_date": "2024-08-21", "leave_type": "Personal", "status": "Approved", "reason": "MAANDAMANO"}}, {"model": "attendance.attendancerecord", "pk": 1, "fields": {"employee": "95361300-1d2d-4900-b05f-1ad00a71f408", "date": "2024-08-12", "is_absent": false, "check_in_time": "06:00:00", "check_out_time": "18:00:00", "status": "Present", "shift": "Day"}}, {"model": "attendance.attendancerecord", "pk": 2, "fields": {"employee": "e8ab52dc-433e-4342-b375-f81840650db0", "date": "2024-08-12", "is_absent": false, "check_in_time": "06:00:00", "check_out_time": "18:00:00", "status": "Present", "shift": "Day"}}, {"model": "attendance.attendancerecord", "pk": 3, "fields": {"employee": "ac075690-ca56-4ef8-838d-eec92bab39bb", "date": "2024-08-12", "is_absent": false, "check_in_time": "06:00:00", "check_out_time": "18:00:00", "status": "Present", "shift": "Day"}}, {"model": "attendance.attendancerecord", "pk": 4, "fields": {"employee": "ab5c5ef1-f3d2-4925-a832-ca590ac73cf0", "date": "2024-08-12", "is_absent": false, "check_in_time": "08:00:00", "check_out_time": "16:00:00", "status": "Present", "shift": "Day"}}, {"model": "attendance.attendancerecord", "pk": 5, "fields": {"employee": "ab5c5ef1-f3d2-4925-a832-ca590ac73cf0", "date": "2024-12-15", "is_absent": false, "check_in_time": "09:00:00", "check_out_time": "17:00:00", "status": "Present", "shift": "Day"}}, {"model": "attendance.attendancerecord", "pk": 6, "fields": {"employee": "ab5c5ef1-f3d2-4925-a832-ca590ac73cf0", "date": "2024-12-15", "is_absent": false, "check_in_time": "09:00:00", "check_out_time": "17:00:00", "status": "Present", "shift": "Day"}}, {"model": "attendance.attendancerecord", "pk": 7, "fields": {"employee": "ac075690-ca56-4ef8-838d-eec92bab39bb", "date": "2024-08-14", "is_absent": false, "check_in_time": "06:00:00", "check_out_time": "18:00:00", "status": "Present", "shift": "Day"}}, {"model": "attendance.attendancerecord", "pk": 8, "fields": {"employee": "ac075690-ca56-4ef8-838d-eec92bab39bb", "date": "2024-08-13", "is_absent": false, "check_in_time": "06:00:00", "check_out_time": "18:00:00", "status": "Present", "shift": "Day"}}, {"model": "attendance.attendancerecord", "pk": 9, "fields": {"employee": "e8ab52dc-433e-4342-b375-f81840650db0", "date": "2024-08-19", "is_absent": false, "check_in_time": "07:57:17", "check_out_time": "18:00:00", "status": "Present", "shift": "Day"}}, {"model": "attendance.attendancerecord", "pk": 10, "fields": {"employee": "95361300-1d2d-4900-b05f-1ad00a71f408", "date": "2024-08-19", "is_absent": false, "check_in_time": "06:00:00", "check_out_time": "18:00:00", "status": "Present", "shift": "Day"}}, {"model": "attendance.attendancerecord", "pk": 11, "fields": {"employee": "ab5c5ef1-f3d2-4925-a832-ca590ac73cf0", "date": "2024-08-13", "is_absent": true, "check_in_time": null, "check_out_time": null, "status": "Absent", "shift": "Day"}}, {"model": "attendance.attendancerecord", "pk": 12, "fields": {"employee": "ab5c5ef1-f3d2-4925-a832-ca590ac73cf0", "date": "2024-08-14", "is_absent": true, "check_in_time": null, "check_out_time": null, "status": "Absent", "shift": "Day"}}, {"model": "attendance.attendancerecord", "pk": 13, "fields": {"employee": "ab5c5ef1-f3d2-4925-a832-ca590ac73cf0", "date": "2024-08-15", "is_absent": true, "check_in_time": null, "check_out_time": null, "status": "Absent", "shift": "Day"}}, {"model": "attendance.attendancerecord", "pk": 14, "fields": {"employee": "ab5c5ef1-f3d2-4925-a832-ca590ac73cf0", "date": "2024-08-16", "is_absent": true, "check_in_time": null, "check_out_time": null, "status": "Absent", "shift": "Day"}}, {"model": "attendance.holiday", "pk": 1, "fields": {"date": "2024-08-13", "name": "NANE NANE MARCH", "description": "Maandamano"}}, {"model": "attendance.holiday", "pk": 2, "fields": {"date": "2024-08-15", "name": "NANE NANE MARCH 2", "description": "Maandamano"}}, {"model": "attendance.holiday", "pk": 3, "fields": {"date": "2024-08-14", "name": "Madaraka Day", "description": "Kenya celebrates Madaraka Day"}}, {"model": "attendance.holiday", "pk": 4, "fields": {"date": "2024-08-20", "name": "Maandamano Tuesdays", "description": "Kenyan GenZ Exercise their rights to picket and protest the impunity in government"}}]